"Title","URL handle","Option1 name","Option1 value","Product image URL","Image position","Image alt text"
"Yum Yum 100 ML","yum-yum-100-ml","Title","Default Title","https://placehold.co/900x900/0A0A12/C9A84C/png?text=Lattafa","1","Yum Yum 100 ML"
"Set Yum Yum De 50 ML C/d Unidad","set-yum-yum-de-50-ml-c-d-unidad","Title","Default Title","https://placehold.co/900x900/0A0A12/C9A84C/png?text=Lattafa","1","Set Yum Yum De 50 ML C/d Unidad"
"Island Blish 100 ML","island-blish-100-ml","Title","Default Title","https://placehold.co/900x900/0A0A12/C9A84C/png?text=Lattafa","1","Island Blish 100 ML"
"Lion Hearth 100 ML","lion-hearth-100-ml","Title","Default Title","https://placehold.co/900x900/0A0A12/C9A84C/png?text=Lattafa","1","Lion Hearth 100 ML"
"Mandarin Sky Elixir 100 ML","mandarin-sky-elixir-100-ml","Title","Default Title","https://placehold.co/900x900/0A0A12/C9A84C/png?text=Armaf","1","Mandarin Sky Elixir 100 ML"
"Odyssey Candy 100 ML","odyssey-candy-100-ml","Title","Default Title","https://placehold.co/900x900/0A0A12/C9A84C/png?text=Armaf","1","Odyssey Candy 100 ML"
"Odyssey Homme 100 ML","odyssey-homme-100-ml","Title","Default Title","https://placehold.co/900x900/0A0A12/C9A84C/png?text=Armaf","1","Odyssey Homme 100 ML"
"Odyssey Aoud 100 ML","odyssey-aoud-100-ml","Title","Default Title","https://placehold.co/900x900/0A0A12/C9A84C/png?text=Armaf","1","Odyssey Aoud 100 ML"
"Odyssey Wild One 100 ML","odyssey-wild-one-100-ml","Title","Default Title","https://placehold.co/900x900/0A0A12/C9A84C/png?text=Armaf","1","Odyssey Wild One 100 ML"
"Odyssey Tryant 100 ML","odyssey-tryant-100-ml","Title","Default Title","https://placehold.co/900x900/0A0A12/C9A84C/png?text=Armaf","1","Odyssey Tryant 100 ML"
"Odyssey Spectra 100 ML","odyssey-spectra-100-ml","Title","Default Title","https://placehold.co/900x900/0A0A12/C9A84C/png?text=Armaf","1","Odyssey Spectra 100 ML"
"Odyssey Artisto 100 ML","odyssey-artisto-100-ml","Title","Default Title","https://placehold.co/900x900/0A0A12/C9A84C/png?text=Armaf","1","Odyssey Artisto 100 ML"
"Odyssey Mega 100 ML","odyssey-mega-100-ml","Title","Default Title","https://placehold.co/900x900/0A0A12/C9A84C/png?text=Armaf","1","Odyssey Mega 100 ML"
"Odyssey Limoni 100 ML","odyssey-limoni-100-ml","Title","Default Title","https://placehold.co/900x900/0A0A12/C9A84C/png?text=Armaf","1","Odyssey Limoni 100 ML"
"Odyssey Dubai Chocolate 100 ML","odyssey-dubai-chocolate-100-ml","Title","Default Title","https://placehold.co/900x900/0A0A12/C9A84C/png?text=Armaf","1","Odyssey Dubai Chocolate 100 ML"
"Club De Nuit Intense 100 ML","club-de-nuit-intense-100-ml","Title","Default Title","https://placehold.co/900x900/0A0A12/C9A84C/png?text=Armaf","1","Club De Nuit Intense 100 ML"
"Club The Nuit Untold 100 ML","club-the-nuit-untold-100-ml","Title","Default Title","https://placehold.co/900x900/0A0A12/C9A84C/png?text=Armaf","1","Club The Nuit Untold 100 ML"
"Club The Nuit Milestone 100 ML","club-the-nuit-milestone-100-ml","Title","Default Title","https://placehold.co/900x900/0A0A12/C9A84C/png?text=Armaf","1","Club The Nuit Milestone 100 ML"
"Club De Nuit Woman 100 ML","club-de-nuit-woman-100-ml","Title","Default Title","https://placehold.co/900x900/0A0A12/C9A84C/png?text=Armaf","1","Club De Nuit Woman 100 ML"
"Al Haramain Aqua Dubai","al-haramain-aqua-dubai","Title","Default Title","https://placehold.co/900x900/0A0A12/C9A84C/png?text=Al%20Haramain","1","Al Haramain Aqua Dubai"
"Al Haramain Ultra Violet","al-haramain-ultra-violet","Title","Default Title","https://placehold.co/900x900/0A0A12/C9A84C/png?text=Al%20Haramain","1","Al Haramain Ultra Violet"
"Amber Oud Gold Edition 120 ML","amber-oud-gold-edition-120-ml","Title","Default Title","https://placehold.co/900x900/0A0A12/C9A84C/png?text=Al%20Haramain","1","Amber Oud Gold Edition 120 ML"
"Al Haramain Amber Rouge 120 ML","al-haramain-amber-rouge-120-ml","Title","Default Title","https://placehold.co/900x900/0A0A12/C9A84C/png?text=Al%20Haramain","1","Al Haramain Amber Rouge 120 ML"
"Set Mini Por 30 ML - 4 Unidades","set-mini-por-30-ml-4-unidades","Title","Default Title","https://placehold.co/900x900/0A0A12/C9A84C/png?text=Lattafa","1","Set Mini Por 30 ML - 4 Unidades"
"Khamrah Qawha 100 ML","khamrah-qawha-100-ml","Title","Default Title","https://placehold.co/900x900/0A0A12/C9A84C/png?text=Lattafa","1","Khamrah Qawha 100 ML"
"Khamrah Dukhan 100 ML","khamrah-dukhan-100-ml","Title","Default Title","https://placehold.co/900x900/0A0A12/C9A84C/png?text=Lattafa","1","Khamrah Dukhan 100 ML"
"Honor & Glory 100ml","honor-y-glory-100ml","Title","Default Title","https://placehold.co/900x900/0A0A12/C9A84C/png?text=Lattafa","1","Honor & Glory 100ml"
"Noble Blush 100 ML","noble-blush-100-ml","Title","Default Title","https://placehold.co/900x900/0A0A12/C9A84C/png?text=Lattafa","1","Noble Blush 100 ML"
"Maahir Lataffa 100 ML","maahir-lataffa-100-ml","Title","Default Title","https://placehold.co/900x900/0A0A12/C9A84C/png?text=Lattafa","1","Maahir Lataffa 100 ML"
"Maahir Legacy 100 ML","maahir-legacy-100-ml","Title","Default Title","https://placehold.co/900x900/0A0A12/C9A84C/png?text=Lattafa","1","Maahir Legacy 100 ML"
"Maahir Black 100 ML","maahir-black-100-ml","Title","Default Title","https://placehold.co/900x900/0A0A12/C9A84C/png?text=Lattafa","1","Maahir Black 100 ML"
"Sense Laverne Giorgina","sense-laverne-giorgina","Title","Default Title","https://placehold.co/900x900/0A0A12/C9A84C/png?text=Lattafa","1","Sense Laverne Giorgina"
"Pacific Chill 100 ML","pacific-chill-100-ml","Title","Default Title","https://placehold.co/900x900/0A0A12/C9A84C/png?text=Lattafa","1","Pacific Chill 100 ML"
"Les Sables Roses 100 ML","les-sables-roses-100-ml","Title","Default Title","https://placehold.co/900x900/0A0A12/C9A84C/png?text=Lattafa","1","Les Sables Roses 100 ML"
"Imagination 100 ML","imagination-100-ml","Title","Default Title","https://placehold.co/900x900/0A0A12/C9A84C/png?text=Louis%20Vuitton","1","Imagination 100 ML"
"L`immensite 100 ML","l-immensite-100-ml","Title","Default Title","https://placehold.co/900x900/0A0A12/C9A84C/png?text=Lattafa","1","L`immensite 100 ML"
"California Dream 100 ML","california-dream-100-ml","Title","Default Title","https://placehold.co/900x900/0A0A12/C9A84C/png?text=Louis%20Vuitton","1","California Dream 100 ML"
"City Of Stars 100 ML","city-of-stars-100-ml","Title","Default Title","https://placehold.co/900x900/0A0A12/C9A84C/png?text=Lattafa","1","City Of Stars 100 ML"
"Orientica Velvet 100 ML","orientica-velvet-100-ml","Title","Default Title","https://placehold.co/900x900/0A0A12/C9A84C/png?text=Orientica","1","Orientica Velvet 100 ML"
"Orientica Azure 100 ML","orientica-azure-100-ml","Title","Default Title","https://placehold.co/900x900/0A0A12/C9A84C/png?text=Orientica","1","Orientica Azure 100 ML"
"Orientica Dania 100 ML","orientica-dania-100-ml","Title","Default Title","https://placehold.co/900x900/0A0A12/C9A84C/png?text=Orientica","1","Orientica Dania 100 ML"
"Orientica Bleu 100 ML","orientica-bleu-100-ml","Title","Default Title","https://placehold.co/900x900/0A0A12/C9A84C/png?text=Orientica","1","Orientica Bleu 100 ML"
"Orientica Oud Saffron 100 ML","orientica-oud-saffron-100-ml","Title","Default Title","https://placehold.co/900x900/0A0A12/C9A84C/png?text=Orientica","1","Orientica Oud Saffron 100 ML"
"Orientica Noir 100 ML","orientica-noir-100-ml","Title","Default Title","https://placehold.co/900x900/0A0A12/C9A84C/png?text=Orientica","1","Orientica Noir 100 ML"
"Bharara Niche Femme 100 ML","bharara-niche-femme-100-ml","Title","Default Title","https://placehold.co/900x900/0A0A12/C9A84C/png?text=Bharara","1","Bharara Niche Femme 100 ML"
"Bharara Double Blue 100 ML","bharara-double-blue-100-ml","Title","Default Title","https://placehold.co/900x900/0A0A12/C9A84C/png?text=Bharara","1","Bharara Double Blue 100 ML"
"Bharara Chocolate 100 ML","bharara-chocolate-100-ml","Title","Default Title","https://placehold.co/900x900/0A0A12/C9A84C/png?text=Bharara","1","Bharara Chocolate 100 ML"
"Bharara Scarlet 100 ML","bharara-scarlet-100-ml","Title","Default Title","https://placehold.co/900x900/0A0A12/C9A84C/png?text=Bharara","1","Bharara Scarlet 100 ML"
"Bharara King Parfum 100 ML","bharara-king-parfum-100-ml","Title","Default Title","https://placehold.co/900x900/0A0A12/C9A84C/png?text=Bharara","1","Bharara King Parfum 100 ML"
"Bharara Viking Dubai 100ml","bharara-viking-dubai-100ml","Title","Default Title","https://placehold.co/900x900/0A0A12/C9A84C/png?text=Bharara","1","Bharara Viking Dubai 100ml"
"Bharara Viking Kaskmir 100 ML","bharara-viking-kaskmir-100-ml","Title","Default Title","https://placehold.co/900x900/0A0A12/C9A84C/png?text=Bharara","1","Bharara Viking Kaskmir 100 ML"
"Bharara Viking Cairo 100 ML","bharara-viking-cairo-100-ml","Title","Default Title","https://placehold.co/900x900/0A0A12/C9A84C/png?text=Bharara","1","Bharara Viking Cairo 100 ML"
"Valentino Bor In Roma 100 ML","valentino-bor-in-roma-100-ml","Title","Default Title","https://placehold.co/900x900/0A0A12/C9A84C/png?text=Valentino","1","Valentino Bor In Roma 100 ML"
"Valentino Donna 100 ML","valentino-donna-100-ml","Title","Default Title","https://placehold.co/900x900/0A0A12/C9A84C/png?text=Valentino","1","Valentino Donna 100 ML"
"Stronger Intensly 100 ML","stronger-intensly-100-ml","Title","Default Title","https://placehold.co/900x900/0A0A12/C9A84C/png?text=Emporio%20Armani","1","Stronger Intensly 100 ML"
"Hawas For Him 100 ML","hawas-for-him-100-ml","Title","Default Title","https://placehold.co/900x900/0A0A12/C9A84C/png?text=Lattafa","1","Hawas For Him 100 ML"
"Hawas Ice 100 ML","hawas-ice-100-ml","Title","Default Title","https://placehold.co/900x900/0A0A12/C9A84C/png?text=Lattafa","1","Hawas Ice 100 ML"
"Hawas Fire 100 ML","hawas-fire-100-ml","Title","Default Title","https://placehold.co/900x900/0A0A12/C9A84C/png?text=Lattafa","1","Hawas Fire 100 ML"
"Hawas Elixir 100 ML","hawas-elixir-100-ml","Title","Default Title","https://placehold.co/900x900/0A0A12/C9A84C/png?text=Lattafa","1","Hawas Elixir 100 ML"
"Hawas For Her 100 ML","hawas-for-her-100-ml","Title","Default Title","https://placehold.co/900x900/0A0A12/C9A84C/png?text=Lattafa","1","Hawas For Her 100 ML"
"Ahli Karpos 60 ML","ahli-karpos-60-ml","Title","Default Title","https://placehold.co/900x900/0A0A12/C9A84C/png?text=Lattafa","1","Ahli Karpos 60 ML"
"Ahli Vega 60 ML","ahli-vega-60-ml","Title","Default Title","https://placehold.co/900x900/0A0A12/C9A84C/png?text=Lattafa","1","Ahli Vega 60 ML"
"Ahli Corvus 60 ML","ahli-corvus-60-ml","Title","Default Title","https://placehold.co/900x900/0A0A12/C9A84C/png?text=Lattafa","1","Ahli Corvus 60 ML"
"Ilmin Kakuno 30 ML","ilmin-kakuno-30-ml","Title","Default Title","https://placehold.co/900x900/0A0A12/C9A84C/png?text=Ilmin","1","Ilmin Kakuno 30 ML"
"Ilmin Femme 30 ML","ilmin-femme-30-ml","Title","Default Title","https://placehold.co/900x900/0A0A12/C9A84C/png?text=Ilmin","1","Ilmin Femme 30 ML"
"Ilmin Il Roso 30 ML","ilmin-il-roso-30-ml","Title","Default Title","https://placehold.co/900x900/0A0A12/C9A84C/png?text=Ilmin","1","Ilmin Il Roso 30 ML"
"9pm Afnan 100 ML","9pm-afnan-100-ml","Title","Default Title","https://placehold.co/900x900/0A0A12/C9A84C/png?text=Afnan","1","9pm Afnan 100 ML"
"9pm Rebel 100 ML","9pm-rebel-100-ml","Title","Default Title","https://placehold.co/900x900/0A0A12/C9A84C/png?text=Afnan","1","9pm Rebel 100 ML"
"9am Dive 100 ML","9am-dive-100-ml","Title","Default Title","https://placehold.co/900x900/0A0A12/C9A84C/png?text=Lattafa","1","9am Dive 100 ML"
"9am Pour Femme 100 ML","9am-pour-femme-100-ml","Title","Default Title","https://placehold.co/900x900/0A0A12/C9A84C/png?text=Lattafa","1","9am Pour Femme 100 ML"
"9pm Pour Femme 100 ML","9pm-pour-femme-100-ml","Title","Default Title","https://placehold.co/900x900/0A0A12/C9A84C/png?text=Afnan","1","9pm Pour Femme 100 ML"
"Pegasus Marly 100 ML","pegasus-marly-100-ml","Title","Default Title","https://placehold.co/900x900/0A0A12/C9A84C/png?text=Parfums%20de%20Marly","1","Pegasus Marly 100 ML"
"Layton Royal 100 ML","layton-royal-100-ml","Title","Default Title","https://placehold.co/900x900/0A0A12/C9A84C/png?text=Parfums%20de%20Marly","1","Layton Royal 100 ML"
"Marly Kalan 100 ML","marly-kalan-100-ml","Title","Default Title","https://placehold.co/900x900/0A0A12/C9A84C/png?text=Parfums%20de%20Marly","1","Marly Kalan 100 ML"
"Delina Royal 80 ML","delina-royal-80-ml","Title","Default Title","https://placehold.co/900x900/0A0A12/C9A84C/png?text=Parfums%20de%20Marly","1","Delina Royal 80 ML"
"Xerjoff-erba Pura 100 ML","xerjoff-erba-pura-100-ml","Title","Default Title","https://placehold.co/900x900/0A0A12/C9A84C/png?text=Xerjoff","1","Xerjoff-erba Pura 100 ML"
"Xerjoff-naxos 100 ML","xerjoff-naxos-100-ml","Title","Default Title","https://placehold.co/900x900/0A0A12/C9A84C/png?text=Xerjoff","1","Xerjoff-naxos 100 ML"
"Bianco Latte 100 ML","bianco-latte-100-ml","Title","Default Title","https://placehold.co/900x900/0A0A12/C9A84C/png?text=Lattafa","1","Bianco Latte 100 ML"
"Oud For Greatness 100 ML","oud-for-greatness-100-ml","Title","Default Title","https://placehold.co/900x900/0A0A12/C9A84C/png?text=Lattafa","1","Oud For Greatness 100 ML"
"Bond Bleecker Street 100 ML","bond-bleecker-street-100-ml","Title","Default Title","https://placehold.co/900x900/0A0A12/C9A84C/png?text=Lattafa","1","Bond Bleecker Street 100 ML"
"Santal 33 100 ML","santal-33-100-ml","Title","Default Title","https://placehold.co/900x900/0A0A12/C9A84C/png?text=Le%20Labo","1","Santal 33 100 ML"
"Arabians Tonka 100 ML","arabians-tonka-100-ml","Title","Default Title","https://placehold.co/900x900/0A0A12/C9A84C/png?text=Lattafa","1","Arabians Tonka 100 ML"
"Starry Night Montale 100 ML","starry-night-montale-100-ml","Title","Default Title","https://placehold.co/900x900/0A0A12/C9A84C/png?text=Lattafa","1","Starry Night Montale 100 ML"
"Montale Rose Musk 100 ML","montale-rose-musk-100-ml","Title","Default Title","https://placehold.co/900x900/0A0A12/C9A84C/png?text=Lattafa","1","Montale Rose Musk 100 ML"
"Bacarat Rouge 540 65 ML","bacarat-rouge-540-65-ml","Title","Default Title","https://placehold.co/900x900/0A0A12/C9A84C/png?text=Lattafa","1","Bacarat Rouge 540 65 ML"
"Le Male La Parfum-lata 120 ML","le-male-la-parfum-lata-120-ml","Title","Default Title","https://placehold.co/900x900/0A0A12/C9A84C/png?text=Jean%20Paul%20Gaultier","1","Le Male La Parfum-lata 120 ML"
"Yvest Saint Laurent 100ml","yvest-saint-laurent-100ml","Title","Default Title","https://placehold.co/900x900/0A0A12/C9A84C/png?text=Yves%20Saint%20Laurent","1","Yvest Saint Laurent 100ml"
"Invictus Victory 100 ML","invictus-victory-100-ml","Title","Default Title","https://placehold.co/900x900/0A0A12/C9A84C/png?text=Paco%20Rabanne","1","Invictus Victory 100 ML"
"Invictus Aqua 100 ML","invictus-aqua-100-ml","Title","Default Title","https://placehold.co/900x900/0A0A12/C9A84C/png?text=Paco%20Rabanne","1","Invictus Aqua 100 ML"
"Invictus Platinum 100 ML","invictus-platinum-100-ml","Title","Default Title","https://placehold.co/900x900/0A0A12/C9A84C/png?text=Paco%20Rabanne","1","Invictus Platinum 100 ML"
"Phantom 100 ML","phantom-100-ml","Title","Default Title","https://placehold.co/900x900/0A0A12/C9A84C/png?text=Paco%20Rabanne","1","Phantom 100 ML"
"Phantom Intense 100 ML","phantom-intense-100-ml","Title","Default Title","https://placehold.co/900x900/0A0A12/C9A84C/png?text=Paco%20Rabanne","1","Phantom Intense 100 ML"
"Phantom Parfum 100 ML","phantom-parfum-100-ml","Title","Default Title","https://placehold.co/900x900/0A0A12/C9A84C/png?text=Paco%20Rabanne","1","Phantom Parfum 100 ML"
"Phantom Legion 100 ML","phantom-legion-100-ml","Title","Default Title","https://placehold.co/900x900/0A0A12/C9A84C/png?text=Paco%20Rabanne","1","Phantom Legion 100 ML"
"Pure Xs 100 ML","pure-xs-100-ml","Title","Default Title","https://placehold.co/900x900/0A0A12/C9A84C/png?text=Paco%20Rabanne","1","Pure Xs 100 ML"
"Black Xs 100 ML","black-xs-100-ml","Title","Default Title","https://placehold.co/900x900/0A0A12/C9A84C/png?text=Paco%20Rabanne","1","Black Xs 100 ML"
"Black Xs L’exces 100 ML","black-xs-l-exces-100-ml","Title","Default Title","https://placehold.co/900x900/0A0A12/C9A84C/png?text=Paco%20Rabanne","1","Black Xs L’exces 100 ML"
"Black Xs L’aphrodisiaque 100 ML","black-xs-l-aphrodisiaque-100-ml","Title","Default Title","https://placehold.co/900x900/0A0A12/C9A84C/png?text=Paco%20Rabanne","1","Black Xs L’aphrodisiaque 100 ML"
"Bad Boy Carolina Herrera 100 ML","bad-boy-carolina-herrera-100-ml","Title","Default Title","https://placehold.co/900x900/0A0A12/C9A84C/png?text=Carolina%20Herrera","1","Bad Boy Carolina Herrera 100 ML"
"CH Men Carolina Herrera","ch-men-carolina-herrera","Title","Default Title","https://placehold.co/900x900/0A0A12/C9A84C/png?text=Carolina%20Herrera","1","CH Men Carolina Herrera"
"212 Men Nyc Carolina Herrera","212-men-nyc-carolina-herrera","Title","Default Title","https://placehold.co/900x900/0A0A12/C9A84C/png?text=Carolina%20Herrera","1","212 Men Nyc Carolina Herrera"
"212 VIP Men Carolina Herrera","212-vip-men-carolina-herrera","Title","Default Title","https://placehold.co/900x900/0A0A12/C9A84C/png?text=Carolina%20Herrera","1","212 VIP Men Carolina Herrera"
"212 VIP Black Carolina Herrera","212-vip-black-carolina-herrera","Title","Default Title","https://placehold.co/900x900/0A0A12/C9A84C/png?text=Carolina%20Herrera","1","212 VIP Black Carolina Herrera"
"212 VIP Wild Party Men","212-vip-wild-party-men","Title","Default Title","https://placehold.co/900x900/0A0A12/C9A84C/png?text=Carolina%20Herrera","1","212 VIP Wild Party Men"
"212 Heroes Men 90 ML","212-heroes-men-90-ml","Title","Default Title","https://placehold.co/900x900/0A0A12/C9A84C/png?text=Carolina%20Herrera","1","212 Heroes Men 90 ML"
"212 VIP Red Men 100 ML","212-vip-red-men-100-ml","Title","Default Title","https://placehold.co/900x900/0A0A12/C9A84C/png?text=Carolina%20Herrera","1","212 VIP Red Men 100 ML"
"212 VIP Wins Men 100 ML","212-vip-wins-men-100-ml","Title","Default Title","https://placehold.co/900x900/0A0A12/C9A84C/png?text=Carolina%20Herrera","1","212 VIP Wins Men 100 ML"
"212 Sexy Men 100 ML","212-sexy-men-100-ml","Title","Default Title","https://placehold.co/900x900/0A0A12/C9A84C/png?text=Carolina%20Herrera","1","212 Sexy Men 100 ML"
"212 Men Aqua 100 ML","212-men-aqua-100-ml","Title","Default Title","https://placehold.co/900x900/0A0A12/C9A84C/png?text=Carolina%20Herrera","1","212 Men Aqua 100 ML"
"212 VIP Black I Love Ny 100 ML","212-vip-black-i-love-ny-100-ml","Title","Default Title","https://placehold.co/900x900/0A0A12/C9A84C/png?text=Carolina%20Herrera","1","212 VIP Black I Love Ny 100 ML"
"Bleu De Chanel 100 ML","bleu-de-chanel-100-ml","Title","Default Title","https://placehold.co/900x900/0A0A12/C9A84C/png?text=Chanel","1","Bleu De Chanel 100 ML"
"Allure Homme Sport 100 ML","allure-homme-sport-100-ml","Title","Default Title","https://placehold.co/900x900/0A0A12/C9A84C/png?text=Chanel","1","Allure Homme Sport 100 ML"
"Clinique Happy Men 100 ML","clinique-happy-men-100-ml","Title","Default Title","https://placehold.co/900x900/0A0A12/C9A84C/png?text=Clinique","1","Clinique Happy Men 100 ML"
"Swiss Army Victorinox 100 ML","swiss-army-victorinox-100-ml","Title","Default Title","https://placehold.co/900x900/0A0A12/C9A84C/png?text=Victorinox","1","Swiss Army Victorinox 100 ML"
"Creed Silver 100 ML","creed-silver-100-ml","Title","Default Title","https://placehold.co/900x900/0A0A12/C9A84C/png?text=Creed","1","Creed Silver 100 ML"
"Creed Milesime Imperial 100 ML","creed-milesime-imperial-100-ml","Title","Default Title","https://placehold.co/900x900/0A0A12/C9A84C/png?text=Creed","1","Creed Milesime Imperial 100 ML"
"Creed Vetiver 100 ML","creed-vetiver-100-ml","Title","Default Title","https://placehold.co/900x900/0A0A12/C9A84C/png?text=Creed","1","Creed Vetiver 100 ML"
"Creed Santal 100 ML","creed-santal-100-ml","Title","Default Title","https://placehold.co/900x900/0A0A12/C9A84C/png?text=Creed","1","Creed Santal 100 ML"
"Creed Green Irish Tweet 100 ML","creed-green-irish-tweet-100-ml","Title","Default Title","https://placehold.co/900x900/0A0A12/C9A84C/png?text=Creed","1","Creed Green Irish Tweet 100 ML"
"Bvlgari Aqua 100 ML","bvlgari-aqua-100-ml","Title","Default Title","https://placehold.co/900x900/0A0A12/C9A84C/png?text=Bvlgari","1","Bvlgari Aqua 100 ML"
"Bvlgari Man In Black 100 ML","bvlgari-man-in-black-100-ml","Title","Default Title","https://placehold.co/900x900/0A0A12/C9A84C/png?text=Bvlgari","1","Bvlgari Man In Black 100 ML"
"Bvlgari Pour Homme 100 ML","bvlgari-pour-homme-100-ml","Title","Default Title","https://placehold.co/900x900/0A0A12/C9A84C/png?text=Bvlgari","1","Bvlgari Pour Homme 100 ML"
"Diesel Only The Brave 120 ML","diesel-only-the-brave-120-ml","Title","Default Title","https://placehold.co/900x900/0A0A12/C9A84C/png?text=Diesel","1","Diesel Only The Brave 120 ML"
"Diesel Tatto 120 ML","diesel-tatto-120-ml","Title","Default Title","https://placehold.co/900x900/0A0A12/C9A84C/png?text=Diesel","1","Diesel Tatto 120 ML"
"Light Blue Men 120 ML","light-blue-men-120-ml","Title","Default Title","https://placehold.co/900x900/0A0A12/C9A84C/png?text=Dolce%20%26%20Gabbana","1","Light Blue Men 120 ML"
"Dolce Pour Homme 120 ML","dolce-pour-homme-120-ml","Title","Default Title","https://placehold.co/900x900/0A0A12/C9A84C/png?text=Dolce%20%26%20Gabbana","1","Dolce Pour Homme 120 ML"
"K Dolce & Gabbana 100 ML","k-dolce-y-gabbana-100-ml","Title","Default Title","https://placehold.co/900x900/0A0A12/C9A84C/png?text=Dolce%20%26%20Gabbana","1","K Dolce & Gabbana 100 ML"
"The One Men 100 ML","the-one-men-100-ml","Title","Default Title","https://placehold.co/900x900/0A0A12/C9A84C/png?text=Dolce%20%26%20Gabbana","1","The One Men 100 ML"
"Blue Label Givenchy 100 ML","blue-label-givenchy-100-ml","Title","Default Title","https://placehold.co/900x900/0A0A12/C9A84C/png?text=Givenchy","1","Blue Label Givenchy 100 ML"
"Boss Bottled 100 ML","boss-bottled-100-ml","Title","Default Title","https://placehold.co/900x900/0A0A12/C9A84C/png?text=Hugo%20Boss","1","Boss Bottled 100 ML"
"Boss Tonic 100 ML","boss-tonic-100-ml","Title","Default Title","https://placehold.co/900x900/0A0A12/C9A84C/png?text=Hugo%20Boss","1","Boss Tonic 100 ML"
"Boss Night 100 ML","boss-night-100-ml","Title","Default Title","https://placehold.co/900x900/0A0A12/C9A84C/png?text=Hugo%20Boss","1","Boss Night 100 ML"
"Boss Unlimited 100 ML","boss-unlimited-100-ml","Title","Default Title","https://placehold.co/900x900/0A0A12/C9A84C/png?text=Hugo%20Boss","1","Boss Unlimited 100 ML"
"Hugo By Hugo Boss 100 ML","hugo-by-hugo-boss-100-ml","Title","Default Title","https://placehold.co/900x900/0A0A12/C9A84C/png?text=Hugo%20Boss","1","Hugo By Hugo Boss 100 ML"
"Hugo Red 100 ML","hugo-red-100-ml","Title","Default Title","https://placehold.co/900x900/0A0A12/C9A84C/png?text=Hugo%20Boss","1","Hugo Red 100 ML"
"Hugo Just Diferent 100 ML","hugo-just-diferent-100-ml","Title","Default Title","https://placehold.co/900x900/0A0A12/C9A84C/png?text=Hugo%20Boss","1","Hugo Just Diferent 100 ML"
"Hugo Dark Blue 75 ML","hugo-dark-blue-75-ml","Title","Default Title","https://placehold.co/900x900/0A0A12/C9A84C/png?text=Hugo%20Boss","1","Hugo Dark Blue 75 ML"
"Boss The Scent Men 100 ML","boss-the-scent-men-100-ml","Title","Default Title","https://placehold.co/900x900/0A0A12/C9A84C/png?text=Hugo%20Boss","1","Boss The Scent Men 100 ML"
"Boss In Motion 100 ML","boss-in-motion-100-ml","Title","Default Title","https://placehold.co/900x900/0A0A12/C9A84C/png?text=Hugo%20Boss","1","Boss In Motion 100 ML"
"Boss Orange 100 ML","boss-orange-100-ml","Title","Default Title","https://placehold.co/900x900/0A0A12/C9A84C/png?text=Hugo%20Boss","1","Boss Orange 100 ML"
"Issey Miyake Men 125 ML","issey-miyake-men-125-ml","Title","Default Title","https://placehold.co/900x900/0A0A12/C9A84C/png?text=Issey%20Miyake","1","Issey Miyake Men 125 ML"
"Arsenal Giles Cantuel 100 ML","arsenal-giles-cantuel-100-ml","Title","Default Title","https://placehold.co/900x900/0A0A12/C9A84C/png?text=Gilles%20Cantuel","1","Arsenal Giles Cantuel 100 ML"
"Nautica Voyage 100 ML","nautica-voyage-100-ml","Title","Default Title","https://placehold.co/900x900/0A0A12/C9A84C/png?text=Nautica","1","Nautica Voyage 100 ML"
"Lacoste Red 120 ML","lacoste-red-120-ml","Title","Default Title","https://placehold.co/900x900/0A0A12/C9A84C/png?text=Lacoste","1","Lacoste Red 120 ML"
"Lacoste Lerouge 100 ML","lacoste-lerouge-100-ml","Title","Default Title","https://placehold.co/900x900/0A0A12/C9A84C/png?text=Lacoste","1","Lacoste Lerouge 100 ML"
"Lacoste Blanc 100 ML","lacoste-blanc-100-ml","Title","Default Title","https://placehold.co/900x900/0A0A12/C9A84C/png?text=Lacoste","1","Lacoste Blanc 100 ML"
"Lacoste Le Noir 100 ML","lacoste-le-noir-100-ml","Title","Default Title","https://placehold.co/900x900/0A0A12/C9A84C/png?text=Lacoste","1","Lacoste Le Noir 100 ML"
"Lacoste Blue 100 ML","lacoste-blue-100-ml","Title","Default Title","https://placehold.co/900x900/0A0A12/C9A84C/png?text=Lacoste","1","Lacoste Blue 100 ML"
"Lacoste Yellow Power 100 ML","lacoste-yellow-power-100-ml","Title","Default Title","https://placehold.co/900x900/0A0A12/C9A84C/png?text=Lacoste","1","Lacoste Yellow Power 100 ML"
"Lacoste Levert 100 ML","lacoste-levert-100-ml","Title","Default Title","https://placehold.co/900x900/0A0A12/C9A84C/png?text=Lacoste","1","Lacoste Levert 100 ML"
"Lacoste Essential 120 ML","lacoste-essential-120-ml","Title","Default Title","https://placehold.co/900x900/0A0A12/C9A84C/png?text=Lacoste","1","Lacoste Essential 120 ML"
"Starwalker 75 ML","starwalker-75-ml","Title","Default Title","https://placehold.co/900x900/0A0A12/C9A84C/png?text=Montblanc","1","Starwalker 75 ML"
"Mont Blanc Legend 100 ML","mont-blanc-legend-100-ml","Title","Default Title","https://placehold.co/900x900/0A0A12/C9A84C/png?text=Montblanc","1","Mont Blanc Legend 100 ML"
"Mont Blanc Legend Spirit 100 ML","mont-blanc-legend-spirit-100-ml","Title","Default Title","https://placehold.co/900x900/0A0A12/C9A84C/png?text=Montblanc","1","Mont Blanc Legend Spirit 100 ML"
"Mont Blanc Emblem 100 ML","mont-blanc-emblem-100-ml","Title","Default Title","https://placehold.co/900x900/0A0A12/C9A84C/png?text=Montblanc","1","Mont Blanc Emblem 100 ML"
"Mont Blanc Explorer 100 ML","mont-blanc-explorer-100-ml","Title","Default Title","https://placehold.co/900x900/0A0A12/C9A84C/png?text=Montblanc","1","Mont Blanc Explorer 100 ML"
"360 Men Perry Ellis 100 ML","360-men-perry-ellis-100-ml","Title","Default Title","https://placehold.co/900x900/0A0A12/C9A84C/png?text=Perry%20Ellis","1","360 Men Perry Ellis 100 ML"
"360 Red Men Perry Ellis 100 ML","360-red-men-perry-ellis-100-ml","Title","Default Title","https://placehold.co/900x900/0A0A12/C9A84C/png?text=Perry%20Ellis","1","360 Red Men Perry Ellis 100 ML"
"Blue Seduction Men 100 ML","blue-seduction-men-100-ml","Title","Default Title","https://placehold.co/900x900/0A0A12/C9A84C/png?text=Antonio%20Banderas","1","Blue Seduction Men 100 ML"
"Polo Red 120 ML","polo-red-120-ml","Title","Default Title","https://placehold.co/900x900/0A0A12/C9A84C/png?text=Ralph%20Lauren","1","Polo Red 120 ML"
"Polo Blue 120 ML","polo-blue-120-ml","Title","Default Title","https://placehold.co/900x900/0A0A12/C9A84C/png?text=Ralph%20Lauren","1","Polo Blue 120 ML"
"Polo Black 100 ML","polo-black-100-ml","Title","Default Title","https://placehold.co/900x900/0A0A12/C9A84C/png?text=Ralph%20Lauren","1","Polo Black 100 ML"
"Versace Eros Flame 100 ML","versace-eros-flame-100-ml","Title","Default Title","https://placehold.co/900x900/0A0A12/C9A84C/png?text=Versace","1","Versace Eros Flame 100 ML"
"Versace Eros Energy 100 ML","versace-eros-energy-100-ml","Title","Default Title","https://placehold.co/900x900/0A0A12/C9A84C/png?text=Versace","1","Versace Eros Energy 100 ML"
"Versace Fraiche 100 ML","versace-fraiche-100-ml","Title","Default Title","https://placehold.co/900x900/0A0A12/C9A84C/png?text=Versace","1","Versace Fraiche 100 ML"
"Versace Dylan Blue 100 ML","versace-dylan-blue-100-ml","Title","Default Title","https://placehold.co/900x900/0A0A12/C9A84C/png?text=Versace","1","Versace Dylan Blue 100 ML"
"Versace Pour Homme 100 ML","versace-pour-homme-100-ml","Title","Default Title","https://placehold.co/900x900/0A0A12/C9A84C/png?text=Versace","1","Versace Pour Homme 100 ML"
"Acqua Di Gio 100 ML","acqua-di-gio-100-ml","Title","Default Title","https://placehold.co/900x900/0A0A12/C9A84C/png?text=Emporio%20Armani","1","Acqua Di Gio 100 ML"
"Acqua Di Gio Profumo 100 ML","acqua-di-gio-profumo-100-ml","Title","Default Title","https://placehold.co/900x900/0A0A12/C9A84C/png?text=Emporio%20Armani","1","Acqua Di Gio Profumo 100 ML"
"Acqua Di Gio Profondo 100 ML","acqua-di-gio-profondo-100-ml","Title","Default Title","https://placehold.co/900x900/0A0A12/C9A84C/png?text=Emporio%20Armani","1","Acqua Di Gio Profondo 100 ML"
"Acqua Di Gio Parfum 100 ML","acqua-di-gio-parfum-100-ml","Title","Default Title","https://placehold.co/900x900/0A0A12/C9A84C/png?text=Emporio%20Armani","1","Acqua Di Gio Parfum 100 ML"
"Armani Code 120 ML","armani-code-120-ml","Title","Default Title","https://placehold.co/900x900/0A0A12/C9A84C/png?text=Emporio%20Armani","1","Armani Code 120 ML"
"Ck One 100 ML","ck-one-100-ml","Title","Default Title","https://placehold.co/900x900/0A0A12/C9A84C/png?text=Calvin%20Klein","1","Ck One 100 ML"
"Eternity For Men 100 ML","eternity-for-men-100-ml","Title","Default Title","https://placehold.co/900x900/0A0A12/C9A84C/png?text=Calvin%20Klein","1","Eternity For Men 100 ML"
"Tommy Men 100 ML","tommy-men-100-ml","Title","Default Title","https://placehold.co/900x900/0A0A12/C9A84C/png?text=Tommy%20Hilfiger","1","Tommy Men 100 ML"
"Jean Pascal-caja 120 ML","jean-pascal-caja-120-ml","Title","Default Title","https://placehold.co/900x900/0A0A12/C9A84C/png?text=Jean%20Pascal","1","Jean Pascal-caja 120 ML"
"Jean Pascal-cuero 120 ML","jean-pascal-cuero-120-ml","Title","Default Title","https://placehold.co/900x900/0A0A12/C9A84C/png?text=Jean%20Pascal","1","Jean Pascal-cuero 120 ML"
"Lapidus","lapidus","Title","Default Title","https://placehold.co/900x900/0A0A12/C9A84C/png?text=Ted%20Lapidus","1","Lapidus"
"Good Girl Glorius Gold 80 ML","good-girl-glorius-gold-80-ml","Title","Default Title","https://placehold.co/900x900/0A0A12/C9A84C/png?text=Carolina%20Herrera","1","Good Girl Glorius Gold 80 ML"
"Good Girl Dazzling Garden 80 ML","good-girl-dazzling-garden-80-ml","Title","Default Title","https://placehold.co/900x900/0A0A12/C9A84C/png?text=Carolina%20Herrera","1","Good Girl Dazzling Garden 80 ML"
"Cloud 100 ML","cloud-100-ml","Title","Default Title","https://placehold.co/900x900/0A0A12/C9A84C/png?text=Ariana%20Grande","1","Cloud 100 ML"
"Sweet Like Candy 100 ML","sweet-like-candy-100-ml","Title","Default Title","https://placehold.co/900x900/0A0A12/C9A84C/png?text=Ariana%20Grande","1","Sweet Like Candy 100 ML"
"Mod Vainilla 100 ML","mod-vainilla-100-ml","Title","Default Title","https://placehold.co/900x900/0A0A12/C9A84C/png?text=Alternativa%20Premium","1","Mod Vainilla 100 ML"
"R.e.m Ariana Grande 100 ML","r-e-m-ariana-grande-100-ml","Title","Default Title","https://placehold.co/900x900/0A0A12/C9A84C/png?text=Ariana%20Grande","1","R.e.m Ariana Grande 100 ML"
"Ari Ariana Grande 100 ML","ari-ariana-grande-100-ml","Title","Default Title","https://placehold.co/900x900/0A0A12/C9A84C/png?text=Ariana%20Grande","1","Ari Ariana Grande 100 ML"
"Scandal Woman 90 ML","scandal-woman-90-ml","Title","Default Title","https://placehold.co/900x900/0A0A12/C9A84C/png?text=Jean%20Paul%20Gaultier","1","Scandal Woman 90 ML"
"Le Belle Parfum 100 ML","le-belle-parfum-100-ml","Title","Default Title","https://placehold.co/900x900/0A0A12/C9A84C/png?text=Jean%20Paul%20Gaultier","1","Le Belle Parfum 100 ML"
"Jean Paul Divine 100 ML","jean-paul-divine-100-ml","Title","Default Title","https://placehold.co/900x900/0A0A12/C9A84C/png?text=Jean%20Paul%20Gaultier","1","Jean Paul Divine 100 ML"
"La Belle Fleur Terrible 100 ML","la-belle-fleur-terrible-100-ml","Title","Default Title","https://placehold.co/900x900/0A0A12/C9A84C/png?text=Jean%20Paul%20Gaultier","1","La Belle Fleur Terrible 100 ML"
"Miss Dior 100 ML","miss-dior-100-ml","Title","Default Title","https://placehold.co/900x900/0A0A12/C9A84C/png?text=Dior","1","Miss Dior 100 ML"
"Jadore 100 ML","jadore-100-ml","Title","Default Title","https://placehold.co/900x900/0A0A12/C9A84C/png?text=Dior","1","Jadore 100 ML"
"Toy 2 Moschino 100 ML","toy-2-moschino-100-ml","Title","Default Title","https://placehold.co/900x900/0A0A12/C9A84C/png?text=Moschino","1","Toy 2 Moschino 100 ML"
"Toy 2 Bubble Gum 100 ML","toy-2-bubble-gum-100-ml","Title","Default Title","https://placehold.co/900x900/0A0A12/C9A84C/png?text=Moschino","1","Toy 2 Bubble Gum 100 ML"
"Toy 2 Perla 100 ML","toy-2-perla-100-ml","Title","Default Title","https://placehold.co/900x900/0A0A12/C9A84C/png?text=Moschino","1","Toy 2 Perla 100 ML"
"Set De Moschino De 30 ML","set-de-moschino-de-30-ml","Title","Default Title","https://placehold.co/900x900/0A0A12/C9A84C/png?text=Moschino","1","Set De Moschino De 30 ML"
"Moschino Funny 100 ML","moschino-funny-100-ml","Title","Default Title","https://placehold.co/900x900/0A0A12/C9A84C/png?text=Moschino","1","Moschino Funny 100 ML"
"Moschino Fresh 100 ML","moschino-fresh-100-ml","Title","Default Title","https://placehold.co/900x900/0A0A12/C9A84C/png?text=Moschino","1","Moschino Fresh 100 ML"
"Bvlgari Omnia Coral 100 ML","bvlgari-omnia-coral-100-ml","Title","Default Title","https://placehold.co/900x900/0A0A12/C9A84C/png?text=Bvlgari","1","Bvlgari Omnia Coral 100 ML"
"Bvlgari Omnia Amethyste 100 ML","bvlgari-omnia-amethyste-100-ml","Title","Default Title","https://placehold.co/900x900/0A0A12/C9A84C/png?text=Lattafa","1","Bvlgari Omnia Amethyste 100 ML"
"Bvlgari Omnia Crystalline 100 ML","bvlgari-omnia-crystalline-100-ml","Title","Default Title","https://placehold.co/900x900/0A0A12/C9A84C/png?text=Bvlgari","1","Bvlgari Omnia Crystalline 100 ML"
"Bvlgari Omnia Pink 65 ML","bvlgari-omnia-pink-65-ml","Title","Default Title","https://placehold.co/900x900/0A0A12/C9A84C/png?text=Bvlgari","1","Bvlgari Omnia Pink 65 ML"
"Sorbetto Rosso 100 ML","sorbetto-rosso-100-ml","Title","Default Title","https://placehold.co/900x900/0A0A12/C9A84C/png?text=Alternativa%20Premium","1","Sorbetto Rosso 100 ML"
"Miami Blossom 100 ML","miami-blossom-100-ml","Title","Default Title","https://placehold.co/900x900/0A0A12/C9A84C/png?text=Escada","1","Miami Blossom 100 ML"
"La Vida Es Bella 75 ML","la-vida-es-bella-75-ml","Title","Default Title","https://placehold.co/900x900/0A0A12/C9A84C/png?text=Lanc%C3%B4me","1","La Vida Es Bella 75 ML"
"Tresor Lancome 100 ML","tresor-lancome-100-ml","Title","Default Title","https://placehold.co/900x900/0A0A12/C9A84C/png?text=Lanc%C3%B4me","1","Tresor Lancome 100 ML"
"Idole Lancome 100 ML","idole-lancome-100-ml","Title","Default Title","https://placehold.co/900x900/0A0A12/C9A84C/png?text=Lanc%C3%B4me","1","Idole Lancome 100 ML"
"Chanel #5 De 100 ML","chanel-5-de-100-ml","Title","Default Title","https://placehold.co/900x900/0A0A12/C9A84C/png?text=Chanel","1","Chanel #5 De 100 ML"
"Chance Chanel Tendre 100 ML","chance-chanel-tendre-100-ml","Title","Default Title","https://placehold.co/900x900/0A0A12/C9A84C/png?text=Chanel","1","Chance Chanel Tendre 100 ML"
"Chance Chanel Fraiche 100 ML","chance-chanel-fraiche-100-ml","Title","Default Title","https://placehold.co/900x900/0A0A12/C9A84C/png?text=Chanel","1","Chance Chanel Fraiche 100 ML"
"Fantasy 100 ML","fantasy-100-ml","Title","Default Title","https://placehold.co/900x900/0A0A12/C9A84C/png?text=Britney%20Spears","1","Fantasy 100 ML"
"Fantasy Midnigt 100 ML","fantasy-midnigt-100-ml","Title","Default Title","https://placehold.co/900x900/0A0A12/C9A84C/png?text=Britney%20Spears","1","Fantasy Midnigt 100 ML"
"Light Blue Woman 100 ML","light-blue-woman-100-ml","Title","Default Title","https://placehold.co/900x900/0A0A12/C9A84C/png?text=Dolce%20%26%20Gabbana","1","Light Blue Woman 100 ML"
"Devotion 100 ML","devotion-100-ml","Title","Default Title","https://placehold.co/900x900/0A0A12/C9A84C/png?text=Dolce%20%26%20Gabbana","1","Devotion 100 ML"
"The One Woman 100 ML","the-one-woman-100-ml","Title","Default Title","https://placehold.co/900x900/0A0A12/C9A84C/png?text=Dolce%20%26%20Gabbana","1","The One Woman 100 ML"
"Angel & Demond 100 ML","angel-y-demond-100-ml","Title","Default Title","https://placehold.co/900x900/0A0A12/C9A84C/png?text=Givenchy","1","Angel & Demond 100 ML"
"Boss The Scent For Her 100 ML","boss-the-scent-for-her-100-ml","Title","Default Title","https://placehold.co/900x900/0A0A12/C9A84C/png?text=Hugo%20Boss","1","Boss The Scent For Her 100 ML"
"Lacoste Sparkling 90 ML","lacoste-sparkling-90-ml","Title","Default Title","https://placehold.co/900x900/0A0A12/C9A84C/png?text=Lacoste","1","Lacoste Sparkling 90 ML"
"Lacoste Elegant 90 ML","lacoste-elegant-90-ml","Title","Default Title","https://placehold.co/900x900/0A0A12/C9A84C/png?text=Lacoste","1","Lacoste Elegant 90 ML"
"Lacoste Natural 90 ML","lacoste-natural-90-ml","Title","Default Title","https://placehold.co/900x900/0A0A12/C9A84C/png?text=Lacoste","1","Lacoste Natural 90 ML"
"Lacoste Touch Of Pink 90 ML","lacoste-touch-of-pink-90-ml","Title","Default Title","https://placehold.co/900x900/0A0A12/C9A84C/png?text=Lacoste","1","Lacoste Touch Of Pink 90 ML"
"Fame 90 ML","fame-90-ml","Title","Default Title","https://placehold.co/900x900/0A0A12/C9A84C/png?text=Paco%20Rabanne","1","Fame 90 ML"
"Lady Million 80 ML","lady-million-80-ml","Title","Default Title","https://placehold.co/900x900/0A0A12/C9A84C/png?text=Paco%20Rabanne","1","Lady Million 80 ML"
"Can Can 100 ML","can-can-100-ml","Title","Default Title","https://placehold.co/900x900/0A0A12/C9A84C/png?text=Paris%20Hilton","1","Can Can 100 ML"
"Can Can Burlesque 100 ML","can-can-burlesque-100-ml","Title","Default Title","https://placehold.co/900x900/0A0A12/C9A84C/png?text=Paris%20Hilton","1","Can Can Burlesque 100 ML"
"Paris Hilton 100 ML","paris-hilton-100-ml","Title","Default Title","https://placehold.co/900x900/0A0A12/C9A84C/png?text=Paris%20Hilton","1","Paris Hilton 100 ML"
"Heiress 100 ML","heiress-100-ml","Title","Default Title","https://placehold.co/900x900/0A0A12/C9A84C/png?text=Paris%20Hilton","1","Heiress 100 ML"
"Dazzle 100 ML","dazzle-100-ml","Title","Default Title","https://placehold.co/900x900/0A0A12/C9A84C/png?text=Paris%20Hilton","1","Dazzle 100 ML"
"Meow Katy Perry 100 ML","meow-katy-perry-100-ml","Title","Default Title","https://placehold.co/900x900/0A0A12/C9A84C/png?text=Katy%20Perry","1","Meow Katy Perry 100 ML"
"Purr Katy Perry 100 ML","purr-katy-perry-100-ml","Title","Default Title","https://placehold.co/900x900/0A0A12/C9A84C/png?text=Katy%20Perry","1","Purr Katy Perry 100 ML"
"Acqua Di Giola 100 ML","acqua-di-giola-100-ml","Title","Default Title","https://placehold.co/900x900/0A0A12/C9A84C/png?text=Emporio%20Armani","1","Acqua Di Giola 100 ML"
"Sí 100 ML","si-100-ml","Title","Default Title","https://placehold.co/900x900/0A0A12/C9A84C/png?text=Emporio%20Armani","1","Sí 100 ML"
"Ck In 2 U 100 ML","ck-in-2-u-100-ml","Title","Default Title","https://placehold.co/900x900/0A0A12/C9A84C/png?text=Calvin%20Klein","1","Ck In 2 U 100 ML"
"Euphoria 100 ML","euphoria-100-ml","Title","Default Title","https://placehold.co/900x900/0A0A12/C9A84C/png?text=Calvin%20Klein","1","Euphoria 100 ML"
"360 Coral 100 ML","360-coral-100-ml","Title","Default Title","https://placehold.co/900x900/0A0A12/C9A84C/png?text=Perry%20Ellis","1","360 Coral 100 ML"
"Ralph Lauren 100 ML","ralph-lauren-100-ml","Title","Default Title","https://placehold.co/900x900/0A0A12/C9A84C/png?text=Ralph%20Lauren","1","Ralph Lauren 100 ML"
"Bright Crystal 90 ML","bright-crystal-90-ml","Title","Default Title","https://placehold.co/900x900/0A0A12/C9A84C/png?text=Versace","1","Bright Crystal 90 ML"
"Yellow Diamond 90 ML","yellow-diamond-90-ml","Title","Default Title","https://placehold.co/900x900/0A0A12/C9A84C/png?text=Versace","1","Yellow Diamond 90 ML"
"Dylan Blue Woman 100 ML","dylan-blue-woman-100-ml","Title","Default Title","https://placehold.co/900x900/0A0A12/C9A84C/png?text=Versace","1","Dylan Blue Woman 100 ML"
"Dylan Purple 100 ML","dylan-purple-100-ml","Title","Default Title","https://placehold.co/900x900/0A0A12/C9A84C/png?text=Versace","1","Dylan Purple 100 ML"
"Dylan Turquioise 100 ML","dylan-turquioise-100-ml","Title","Default Title","https://placehold.co/900x900/0A0A12/C9A84C/png?text=Versace","1","Dylan Turquioise 100 ML"
"Creed Aventus Her 75 ML","creed-aventus-her-75-ml","Title","Default Title","https://placehold.co/900x900/0A0A12/C9A84C/png?text=Creed","1","Creed Aventus Her 75 ML"
"Creed Love In White 75 ML","creed-love-in-white-75-ml","Title","Default Title","https://placehold.co/900x900/0A0A12/C9A84C/png?text=Creed","1","Creed Love In White 75 ML"
"Creed Love In Black 75 ML","creed-love-in-black-75-ml","Title","Default Title","https://placehold.co/900x900/0A0A12/C9A84C/png?text=Creed","1","Creed Love In Black 75 ML"
"Issey Miyake Woman 100 ML","issey-miyake-woman-100-ml","Title","Default Title","https://placehold.co/900x900/0A0A12/C9A84C/png?text=Issey%20Miyake","1","Issey Miyake Woman 100 ML"
"Tommy Girl 100 ML","tommy-girl-100-ml","Title","Default Title","https://placehold.co/900x900/0A0A12/C9A84C/png?text=Tommy%20Hilfiger","1","Tommy Girl 100 ML"
"Burberry Her 100 ML","burberry-her-100-ml","Title","Default Title","https://placehold.co/900x900/0A0A12/C9A84C/png?text=Burberry","1","Burberry Her 100 ML"
"Halloween 100 ML","halloween-100-ml","Title","Default Title","https://placehold.co/900x900/0A0A12/C9A84C/png?text=Jes%C3%BAs%20Del%20Pozo","1","Halloween 100 ML"
"By Delicius Dkny 100 ML","by-delicius-dkny-100-ml","Title","Default Title","https://placehold.co/900x900/0A0A12/C9A84C/png?text=DKNY","1","By Delicius Dkny 100 ML"
"Flower By Kenzo 100 ML","flower-by-kenzo-100-ml","Title","Default Title","https://placehold.co/900x900/0A0A12/C9A84C/png?text=Kenzo","1","Flower By Kenzo 100 ML"
"Touch 100 ML","touch-100-ml","Title","Default Title","https://placehold.co/900x900/0A0A12/C9A84C/png?text=Alternativa%20Premium","1","Touch 100 ML"